0,新北市,林口區,東林街,粉寮路二段,603.461896492
1,新北市,林口區,東林街,粉寮路二段,45.6495548585
2,新北市,林口區,東林街,粉寮路二段,22.5831192594
3,新北市,林口區,東林街,粉寮路二段,103.288285753
4,桃園市,八德區,東勇街,和義一街,203.114943736
5,桃園市,八德區,中路南街,福國北街,86.7845848704
6,桃園市,桃園區,中正路,中埔七街,292.672430698
7,桃園市,桃園區,大同路,大同路,246.959280268
8,桃園市,中壢區,金峰四街,路底,109.560696113
9,桃園市,桃園區,中華路,民權路,73.0519614583
10,彰化縣,福興鄉,中正路,復興路,504.218652424
11,桃園市,桃園區,同安街503巷,同安街488號,47.918323459
12,桃園市,桃園區,中正路,慈文路,110.763584289
13,新北市,林口區,東林街,粉寮路二段,42.5341945439
14,新北市,林口區,東林街,粉寮路二段,72.2255897988
15,新北市,林口區,東林街,粉寮路二段,31.3861932102
16,新北市,林口區,東林街,粉寮路二段,33.870592257
17,新北市,林口區,東林街,粉寮路二段,129.377319644
18,桃園市,龜山區,自強東路,自強東路,50.1156389453
19,桃園市,龜山區,明仁路,中興路二段,258.898340157
20,桃園市,龜山區,自強西路,大同路,39.1742262735
21,桃園市,桃園區,東門街,中和街,115.17189404
22,桃園市,中壢區,中正路,中正路,223.393090022
23,桃園市,大園區,和平西路一段,和平西路一段,95.5903812353
24,桃園市,大園區,和平西路一段,和平西路一段428號,126.312004643
25,桃園市,桃園區,民權路,民權路,73.2535640741
26,桃園市,桃園區,民權路,民權路,59.1030149697
27,桃園市,八德區,和平路,長安路,145.635888653
28,桃園市,中壢區,龍東路,平鎮交界,192.81241172
29,新北市,三重區,力行地下道,三和路,99.9429441924
30,新北市,三重區,力行地下道,三和路,161.366915677
31,新北市,三重區,力行地下道,三和路,40.7926520446
32,新北市,三重區,力行地下道,三和路,200.589823056
33,新北市,三重區,力行地下道,三和路,258.384177465
34,新北市,三重區,力行地下道,三和路,49.3531887288
35,新北市,三重區,力行地下道,三和路,106.000561318
36,新北市,三重區,力行地下道,三和路,98.7294303225
37,新北市,三重區,力行地下道,三和路,115.801413662
38,新北市,三重區,力行地下道,三和路,90.7099526379
39,新北市,三重區,力行地下道,三和路,178.678072321
40,新北市,板橋區,無,無,30.4815424621
41,新北市,板橋區,無,無,32.4422997923
42,新北市,新莊區,後港一路,民安路,1233.85303216
43,新北市,板橋區,無,無,39.7387126704
44,新北市,板橋區,無,無,30.4228992823
45,新北市,板橋區,無,無,19.8811765163
46,新北市,新莊區,中平路292巷,中榮街,294.002899885
47,新北市,板橋區,無,無,22.314195402
48,新北市,板橋區,無,無,6.63279900538
49,新北市,板橋區,無,無,5.16742556863
50,桃園市,平鎮區,龍安路181號,龍南路,311.894754158
51,新北市,板橋區,無,吳,20.6414481078
52,新北市,板橋區,無,無,25.455812719
53,新北市,板橋區,無,無,36.7361104296
54,新北市,板橋區,無,無,41.0557178442
55,新北市,三重區,力行地下道,三和路,29.7018583347
56,新北市,三重區,力行地下道,三和路,194.031324386
57,新北市,三重區,力行地下道,三和路,143.25319097
58,桃園市,平鎮區,延平路一段,中原路,110.026970436
59,桃園市,平鎮區,義民路,廣平街,150.97961207
60,桃園市,平鎮區,義民路,廣平街,272.659791249
61,桃園市,平鎮區,義民路,廣平街,97.9239947239
62,新北市,新莊區,後港一路,民安路,1199.57072549
63,新北市,板橋區,無,無,34.3468137662
64,新北市,板橋區,無,無,26.9605069781
65,新北市,板橋區,無,無,33.4729760285
66,新北市,板橋區,無,無,32.4438812799
67,桃園市,平鎮區,康樂路25巷,德育路,61.4340662086
68,桃園市,桃園區,中山路,育樂街拉麵吧,93.8607265147
69,桃園市,桃園區,民族陸橋,長壽街,499.499227952
70,桃園市,龜山區,明德路,自強南路,56.8551575813
71,桃園市,桃園區,建國中學正門,建國中學側門,107.377540083
72,桃園市,桃園區,中埔二街,同德五街,107.854495511
73,桃園市,桃園區,新埔七街173巷,天祥六街,86.6211779591
74,桃園市,桃園區,新埔一街,經國路,161.176450987
75,桃園市,觀音區,大觀路一段,榮工南路,806.595114876
76,桃園市,觀音區,大觀路一段,榮工南路,806.644392987
77,新北市,蘆洲區,民族路口,成蘆橋頭,383.403475841
78,新北市,蘆洲區,民族路口,成蘆橋頭,469.468499471
79,新北市,蘆洲區,民族路口,成蘆橋頭,282.26056996
80,新北市,蘆洲區,民族路口,成蘆橋頭,286.033978037
81,新北市,蘆洲區,民族路口,成蘆橋頭,156.568354691
82,新北市,蘆洲區,民族路口,成蘆橋頭,188.71660466
83,新北市,蘆洲區,民族路口,成蘆橋頭,151.948902158
84,新北市,蘆洲區,民族路口,成蘆橋頭,91.6961877658
85,新北市,蘆洲區,民族路口,成蘆橋頭,60.2798772574
86,新北市,蘆洲區,民族路口,成蘆橋頭,66.1439346292
87,新北市,蘆洲區,民族路口,成蘆橋頭,73.5244208673
88,新北市,蘆洲區,民族路口,成蘆橋頭,223.303255437
89,新北市,蘆洲區,民族路口,成蘆橋頭,223.823629603
90,桃園市,龜山區,萬壽路二段,永和街福和巷,92.7834540944
91,桃園市,龜山區,萬壽路二段,永和街福德巷,90.8444507364
92,桃園市,中壢區,元化路,中和路,304.347212511
93,新竹縣,竹北市,嘉豐南路,嘉豐十一路,1283.68396023
94,新竹縣,竹北市,嘉豐六路,嘉豐十一路,1222.03612859
95,新竹縣,竹北市,嘉豐南路一段,嘉豐二路,1458.14557163
96,新竹縣,竹北市,勝利八街,十興路,0.0
97,新竹縣,竹北市,自強南路,東興路,0.0
98,新竹縣,竹北市,嘉豐六路,復興三路,0.0
99,新竹縣,竹北市,嘉豐二街,復興三路,0.0
100,新竹縣,竹北市,自強南路,興隆路,0.0
101,新竹縣,竹北市,自強南路,興隆路,0.0
102,新竹縣,竹北市,自強南路,東興路,0.0
103,新竹縣,竹北市,光明六路東二段,興隆路,0.0
104,新竹縣,竹北市,光明六路東二段,興隆路,0.0
105,新竹縣,竹北市,光明六路東二段,興隆路,0.0
106,新竹縣,竹北市,光明六路東二段,興隆路,2179.42586191
107,新竹縣,竹北市,光明六路東二段,興隆路,0.0
108,新竹縣,竹北市,興隆路,興隆路,0.0
109,新竹縣,竹北市,興隆路,興隆路,0.0
110,新竹縣,竹北市,嘉政九街,高鐵九路,0.0
111,新竹縣,竹北市,光明六路東二段,文興路,0.0
112,新竹縣,竹北市,縣政九路,縣政七街,0.0
113,新竹縣,竹北市,縣政七街,縣政五街,0.0
114,新竹縣,竹北市,吳濁流路,文采街,0.0
115,新竹縣,竹北市,文平路,光明一路,0.0
116,新竹縣,竹北市,沿河街,中山路,0.0
117,新竹縣,竹北市,中山路,文忠街,0.0
118,新竹縣,竹北市,六家五路一段,光明六路東二段,0.0
119,新竹縣,竹北市,興隆路二段,文山路犁頭山段,0.0
120,新竹縣,竹北市,興隆路二段,光明六路東二段,0.0
121,新竹縣,竹北市,興隆路二段,福興東路一段,0.0
122,新竹縣,竹北市,興隆路二段,福興東路一段,0.0
123,新竹縣,竹北市,光明六路東一段,勝利七街,0.0
124,新竹縣,竹北市,嘉豐二路一段,自強南路,0.0
125,新竹縣,竹北市,嘉豐南路一段,自強三路,2427.909843
126,新竹縣,竹北市,嘉豐二路一段,自強南路,0.0
127,新竹縣,竹北市,嘉豐二路一段,光明六路東一段,0.0
128,新竹縣,竹北市,光明六路,社崙橋,0.0
129,新竹縣,竹北市,光明六路,社崙橋,345.342370646
130,新竹縣,竹北市,社崙橋,義崙橋,904.140771756
131,新竹縣,竹東鎮,光明路,公道五路(縣市交界),1457.59259181
132,新竹縣,竹東鎮,東林路,中豐路一段,0.0
133,新竹縣,竹東鎮,東寧路二段,大林路,0.0
134,新竹縣,竹東鎮,中正南路,大林路,444.328152237
135,新竹縣,竹東鎮,東林路,中豐路一段,3660.49100768
136,新竹縣,竹東鎮,東林路,中山路,682.919216625
137,新竹縣,竹東鎮,竹中火車站,竹中火車站,600.460437031
138,新竹縣,竹東鎮,仁愛路,中山路,0.0
139,新竹縣,竹東鎮,中山路,北興路,0.0
140,新竹縣,竹東鎮,東林路,興農路,1094.58822622
141,新竹縣,竹東鎮,朝陽路,中豐路一段,1816.64747015
142,新竹縣,竹東鎮,東寧路,北興路,0.0
143,新竹縣,竹東鎮,康寧街,大明路,0.0
144,新竹縣,竹東鎮,東寧路,仁愛路,0.0
145,新竹縣,芎林鄉,文衡路,竹24-1,0.0
146,新竹縣,芎林鄉,0,800,1192.63452832
147,新竹縣,芎林鄉,0,800,1148.80732431
148,新竹縣,芎林鄉,文衡路,文華街,0.0
149,新竹縣,芎林鄉,文衡路,文華街,0.0
150,新竹縣,芎林鄉,富林路二段,富林路二段,962.431941384
151,新竹縣,芎林鄉,富林路一段,山豬湖堤防,231.084537922
152,新竹縣,芎林鄉,文衡路(呈甘橋),文衡路(呈甘橋),41.7372437302
153,新竹縣,芎林鄉,文衡路(呈甘橋),文衡路(呈甘橋),41.5562473433
154,新竹縣,湖口鄉,遠生路,二段226號,1295.52286771
155,新竹縣,湖口鄉,中山五路,中正路,907.770277273
156,新竹縣,湖口鄉,達生路,達生九街,1259.63833136
157,新竹縣,湖口鄉,民生橋,達生八街,1522.82667114
158,新竹縣,湖口鄉,中山五街,中正路二段,1278.44563501
159,新竹縣,湖口鄉,56號,98號,0.0
160,新竹縣,湖口鄉,中正村14鄰,中山路一段372號,984.126991157
161,新竹縣,湖口鄉,達生路,二段226號,0.0
162,新竹縣,湖口鄉,光復路,新生路,0.0
163,新竹縣,湖口鄉,中興街,中正路,0.0
164,新竹縣,湖口鄉,光復路,勝利路,87.902778202
165,新竹縣,湖口鄉,中興街,遠生路,0.0
166,新竹縣,湖口鄉,達生路,達生九街,0.0
167,新竹縣,湖口鄉,達生六街,達生七街,241.661392821
168,新竹縣,湖口鄉,中正路三段220巷,中正路三段320巷,1631.67095988
169,新竹縣,湖口鄉,中正五街,中正七街,299.597640644
170,新竹縣,湖口鄉,健康街,健康一街,380.851394268
171,新竹縣,湖口鄉,中美西路,中山路一段119巷,184.651459373
172,新竹縣,湖口鄉,中山五路,中正路,0.0
173,新竹縣,湖口鄉,信全街,達生八街,0.0
174,新竹縣,新埔鎮,田新路交叉,新關路與田新路交叉,3935.95641794
175,新竹縣,新豐鄉,建興路,福德街,494.732815164
176,新竹縣,新豐鄉,嘉豐五路二段,嘉豐南路二段,1723.95493846
177,新竹縣,新豐鄉,康樂路,泰安街,1177.23327698
178,新竹縣,新豐鄉,泰安街,康樂路,1094.72224754
179,新竹縣,新豐鄉,松林街,道化街,455.806345895
180,新竹縣,關西鎮,關西二號橋,南華橋,0.0
181,新竹縣,關西鎮,第一銀行,太和堂西藥房,0.0
182,新竹縣,關西鎮,太和堂西藥房,小葉小吃店,0.0
183,新竹縣,關西鎮,博愛路轉角,中豐路,0.0
184,新竹縣,關西鎮,中山路,伍聯社為界,0.0
185,新竹縣,關西鎮,中山路接中山東路,伍聯社為界,0.0
186,新竹縣,關西鎮,東興里087路燈,關西大橋,0.0
187,嘉義市,西區,世賢路四段22巷,世賢路四段56巷,135.057519775
188,嘉義市,西區,無名路,大聖路,156.005424237
189,嘉義市,西區,世賢路四段56巷,民生南路,365.256890202
190,嘉義市,西區,大聖路,博愛路二段,36.3905442148
191,嘉義市,西區,大富西街87巷,自強街,66.0933779459
192,嘉義市,西區,自強街,博愛路二段,38.93797031
193,嘉義市,西區,停車場出入口,嘉義大學出入口,282.618054263
194,嘉義市,西區,無名路,世賢路三段116巷,293.902920184
195,嘉義市,西區,蘭州四街,世賢路二段,173.717851235
196,嘉義市,西區,興嘉國小出入口,重慶路,461.117376995
197,嘉義市,西區,無名路,志昇街52巷,214.133214919
198,嘉義市,西區,興業西路13巷,民生南路,34.5003718249
199,嘉義市,西區,無名路,住宅出入口,286.42338128
200,嘉義市,西區,志昇街52巷,新榮路,212.982907589
201,嘉義市,西區,工廠出入口,工廠出入口,148.276776282
202,嘉義市,西區,上海路,蘭州一街,86.0414280298
203,嘉義市,西區,上海路,無名路,27.3800463132
204,嘉義市,西區,新榮路,民生南路,247.648277854
205,嘉義市,西區,學校出入口,無名路,138.051946234
206,嘉義市,西區,上海路,垂楊國小出入口,144.632750682
207,嘉義市,西區,育人路,加油站出入口,67.1846912861
208,嘉義市,西區,金山路,玉山路 251巷,60.5612366317
209,嘉義市,西區,友忠路,中興路 726巷,104.592075012
210,嘉義市,西區,住宅出入口,住宅出入口,108.624132881
211,嘉義市,西區,玉山路 288巷,金山路,226.004099692
212,嘉義市,西區,垂楊路431巷,新榮路,83.2621792777
213,嘉義市,西區,中興路,玉山路,536.914652055
214,嘉義市,西區,永和街,廣寧街,187.139616989
215,嘉義市,西區,新榮路,西榮街,171.947480707
216,嘉義市,西區,玉山路,博愛路二段,261.865814495
217,嘉義市,西區,玉山路,中興路 640巷,104.976976877
218,嘉義市,西區,博愛路二段,友忠路,323.654697678
219,嘉義市,西區,園區出入口,中山路532巷,115.648666154
220,嘉義市,西區,空地出入口,球場出入口,70.4111933049
221,嘉義市,西區,蘭井街,光彩街,206.947837246
222,嘉義市,西區,福義街,住宅出入口,231.124473818
223,嘉義市,西區,停車場出入口,西榮街,29.9778208425
224,嘉義市,西區,福義街,空地出入口,37.3024106888
225,嘉義市,西區,空地出入口,永春五街,83.6012399186
226,嘉義市,西區,林森西路,新榮路,322.806548133
227,嘉義市,西區,西榮街,民生北路,191.312797584
228,嘉義市,西區,大同路,世賢路二段196巷,823.001544305
229,嘉義市,西區,無名路,無名路,40.5852375374
230,嘉義市,西區,永春五街,永春五街,44.9281461145
231,嘉義市,西區,永春五街,永春五街,46.7042457956
232,嘉義市,西區,永春五街,永春五街,50.6201993317
233,嘉義市,西區,永春五街,永春五街,45.0550785137
234,嘉義市,西區,永春五街,永春五街,45.3219133695
235,嘉義市,西區,北港路 715巷,世賢路二段120巷,56.5205242983
236,嘉義市,西區,空地出入口,空地出入口,13.049241882
237,嘉義市,西區,工廠出入口,工廠出入口,71.1387855919
238,嘉義市,西區,工廠出入口,工廠出入口,38.4461359147
239,嘉義市,西區,工廠出入口,工廠出入口,218.973175275
240,嘉義市,西區,新民路,嘉義液化石油氣儲分裝所出,459.238914119
241,嘉義市,西區,嘉義液化石油氣儲分裝所出,新民路,25.2041952136
242,嘉義市,西區,工廠出入口,工廠出入口,195.712391732
243,嘉義市,西區,工廠出入口,民生南路,62.8698986893
244,嘉義市,西區,民生南路,停車場出入口,112.28458551
245,嘉義市,西區,新民路221巷,空地出入口,105.636179193
246,嘉義市,西區,空地出入口,新民路251巷,38.0410289717
247,嘉義市,西區,停車場出入口,新民路186巷,174.536452644
248,嘉義市,西區,新民路251巷,無名路,205.042634246
249,嘉義市,西區,新民路186巷,新民路204巷,77.3610205294
250,嘉義市,西區,新民路204巷,新民路228巷,120.463144796
251,嘉義市,西區,新民路228巷,停車場出入口,19.6079511555
252,嘉義市,西區,停車場出入口,南京路,306.92482909
253,嘉義市,西區,無名路,南京路,522.929228735
254,嘉義市,西區,南京路,平交道,185.655547374
255,嘉義市,西區,南京路,平交道,242.408006592
256,嘉義市,西區,平交道,新民路475巷,126.065058946
257,嘉義市,西區,新民路475巷,新民路499巷,107.410756392
258,嘉義市,西區,新民路449巷,新民路519巷,69.3240402358
259,嘉義市,西區,平交道,新民路416巷,414.480383015
260,嘉義市,西區,新民路519巷,新民路555巷,177.573925153
261,嘉義市,西區,加油站出入口,世賢路三段320巷,265.177622102
262,嘉義市,西區,新民路555巷,新民路577巷,91.2769167989
263,嘉義市,西區,世賢路三段320巷,南京路,179.428792492
264,嘉義市,西區,無名路,無名路,154.275917427
265,嘉義市,西區,新民路416巷,民生南路466巷,201.474494188
266,嘉義市,西區,世賢路三段180巷,加油站出入口,323.306418812
267,嘉義市,西區,南京路,新民路555巷,387.31395921
268,嘉義市,西區,博愛路二段,博愛路二段,38.4938381326
269,嘉義市,西區,新民路555巷,新民路555巷,185.049052041
270,嘉義市,西區,世賢路三段,南京路,48.9045591212
271,嘉義市,西區,南京路,世賢路三段,48.9921264979
272,嘉義市,西區,民生南路466巷,世賢路四段,42.3827244739
273,嘉義市,西區,新民路555巷,新民路,243.033440422
274,嘉義市,西區,新民路577巷,世賢路三段,63.0414455406
275,嘉義市,西區,大聖路,博愛路二段,36.1965990508
276,嘉義市,西區,南京路,溫州一街,156.480118927
277,嘉義市,西區,世賢路三段,世賢路三段,49.1381156296
278,嘉義市,西區,新民路,世賢路四段22巷,66.351700208
279,嘉義市,西區,大聖路,博愛路二段,36.2688710231
280,嘉義市,西區,民生南路,無名路,143.116024591
281,嘉義市,西區,世賢路三段,世賢路三段,50.7188300452
282,嘉義市,西區,無名路,世賢路四段208巷,164.820123474
283,嘉義市,西區,大聖路,博愛路二段,38.5857141647
284,嘉義市,西區,世賢路四段208巷,南京東街,220.840090337
285,嘉義市,西區,溫州一街,新民路,620.322560602
286,嘉義市,西區,新民路,民生南路,651.404985149
287,嘉義市,西區,民生南路,志航國小出入口,301.16172094
288,嘉義市,西區,無名路,無名路,364.208713841
289,嘉義市,西區,志航國小大門,無名路,274.656202664
290,嘉義市,西區,世賢路三段180巷,重慶路,432.431795971
291,嘉義市,西區,世賢路三段,停車場出入口,119.116505303
292,嘉義市,西區,重慶路,南京路,1084.23399786
293,嘉義市,西區,劉富街,博愛路二段,38.7944291908
294,嘉義市,西區,無名路,世賢路三段,50.1817516458
295,嘉義市,西區,博愛路二段,博愛路二段,54.7319419037
296,嘉義市,西區,世賢路三段,停車場出入口,111.646519299
297,嘉義市,西區,劉富街,博愛路二段,39.0307042853
298,嘉義市,西區,世賢路三段,重慶路,22.4237141061
299,嘉義市,西區,大聖路,劉富街,193.08985149
300,嘉義市,西區,重慶路,上海路,49.9430484327
301,嘉義市,西區,劉富街,博愛路二段,38.7748367021
302,嘉義市,西區,劉富街,博愛路二段,38.5856629693
303,嘉義市,西區,停車場出入口,嘉義大學出入口,103.431272892
304,嘉義市,西區,劉富街,空地出入口,72.2576997982
305,嘉義市,西區,世賢路三段116巷,福州八街,56.6912861365
306,嘉義市,西區,重慶路,上海路,48.7625001725
307,嘉義市,西區,重慶路,上海路,346.49012585
308,嘉義市,西區,重慶路,上海路,202.062738391
309,嘉義市,西區,空地出入口,店家出入口,139.50718543
310,嘉義市,西區,福州八街,廣州街,168.729730323
311,嘉義市,西區,嘉義大學出入口,停車場出入口,68.4369005876
312,嘉義市,西區,停車場出入口,民生國中出入口,272.421071966
313,嘉義市,西區,興安街,大業街172巷,579.448737537
314,嘉義市,西區,世賢路三段116巷,無名路,258.27021586
315,嘉義市,西區,店家出入口,停車場出入口,185.144662667
316,嘉義市,西區,自強街,博愛路二段,38.6136861179
317,嘉義市,西區,廣州街,漢口路,311.114832811
318,嘉義市,西區,自強街,博愛路二段,38.6251128029
319,嘉義市,西區,自強街,博愛路二段,38.5366334776
320,嘉義市,西區,民生國中出入口,民生國中出入口,167.177567551
321,嘉義市,西區,停車場出入口,自強街,151.242341499
322,嘉義市,西區,溫州一街,興嘉國小出入口,234.302006772
323,嘉義市,西區,嘉義大學出入口,停車場出入口,79.3244366547
324,嘉義市,西區,民生國中出入口,重慶路,127.140984532
325,嘉義市,西區,迴轉道,迴轉道,180.997265035
326,嘉義市,西區,自立街,博愛路二段,38.7435494024
327,嘉義市,西區,自強街,自立街,219.240949572
328,嘉義市,西區,重慶路,重慶路,36.7981764851
329,嘉義市,西區,博愛路二段,迴轉道,275.721280601
330,嘉義市,西區,無名路,世賢路二段,885.901242468
331,嘉義市,西區,停車場出入口,新民路,68.3167590932
332,嘉義市,西區,自立街,博愛路二段,38.206319478
333,嘉義市,西區,博愛路二段,博愛路二段,36.0730605739
334,嘉義市,西區,自立街,世賢路二段,145.187066213
335,嘉義市,西區,重慶路,徐州五街,110.58515704
336,嘉義市,西區,無名路,仁愛路,102.338153895
337,嘉義市,西區,迴轉道,博愛路二段,355.12340472
338,嘉義市,西區,友忠路,博愛路二段,221.218932315
339,嘉義市,西區,自強街,大信街,456.458932346
340,嘉義市,西區,徐州五街,徐州一街,227.26134867
341,嘉義市,西區,友忠路,博愛路二段,255.025414532
342,嘉義市,西區,世賢路二段,無名路,233.653640585
343,嘉義市,西區,興業西路423巷,南京路,84.6586375608
344,嘉義市,西區,南京路,興業西路385巷,85.0056519201
345,嘉義市,西區,世賢路二段,無名路,327.857184382
346,嘉義市,西區,興業西路385巷,徐州六街,286.325590602
347,嘉義市,西區,徐州六街,徐州四街,196.997361639
348,嘉義市,西區,南京路,建成街,108.600235581
349,嘉義市,西區,徐州四街,新民路,171.271226049
350,嘉義市,西區,徐州一街,興業西路,120.493128696
351,嘉義市,西區,仁愛路,興業西路,289.464402858
352,嘉義市,西區,友忠路,停車場出入口,373.276325329
353,嘉義市,西區,建成街,新建街,427.496747157
354,嘉義市,西區,興業西路423巷,車店街,178.106262526
355,嘉義市,西區,新建街,無名路,97.2661952544
356,嘉義市,西區,無名路,新民路,98.8817757535
357,嘉義市,西區,世賢路二段,學校出入口,141.903095765
358,嘉義市,西區,新民路,仁愛路,539.380857812
359,嘉義市,西區,停車場出入口,急診出入口,76.3819054945
360,嘉義市,西區,上海路,東信街,20.5260318211
361,嘉義市,西區,重慶路,上海路,239.127572965
362,嘉義市,西區,新民路,新民路 728巷,213.92897428
363,嘉義市,西區,新民路 728巷,無名路,83.8673893763
364,嘉義市,西區,仁愛路,無名路,281.593017884
365,嘉義市,西區,無名路,無名路,90.0508969482
366,嘉義市,西區,無名路,仁愛路,91.8160322737
367,嘉義市,西區,上海路,南京路,283.204211535
368,嘉義市,西區,無名路,興業西路13巷,360.358298514
369,嘉義市,西區,興業西路,玉山路,77.5825257318
370,嘉義市,西區,住宅出入口,住宅出入口,22.9973881079
371,嘉義市,西區,興業東路11巷,興業東路47巷,146.983813708
372,嘉義市,西區,興業西路,新民路728巷,194.253026149
373,嘉義市,西區,工廠出入口,工廠出入口,50.2936727299
374,嘉義市,西區,興業西路,新民路70巷,198.614490089
375,嘉義市,西區,無名路,無名路,217.129100323
376,嘉義市,西區,興業東路47巷,國華街,289.235178105
377,嘉義市,西區,住宅出入口,大統路,29.7668880959
378,嘉義市,西區,無名路,洗車場出入口,113.997435206
379,嘉義市,西區,無名路,無名路,43.1512605223
380,嘉義市,西區,金山路 1巷,友忠路,494.583848005
381,嘉義市,西區,民生南路,吳鳳南路,1510.14459298
382,嘉義市,西區,興業西路,青年街,327.955990122
383,嘉義市,西區,大信街,玉山路,423.165209749
384,嘉義市,西區,工廠出入口,工廠出入口,32.7542661746
385,嘉義市,西區,興業西路,青年街,232.765969436
386,嘉義市,西區,上海路,南京路,75.151544559
387,嘉義市,西區,工廠出入口,工廠出入口,26.8905635992
388,嘉義市,西區,新民路728巷,新民路756巷,118.148631547
389,嘉義市,西區,急診出入口,世賢路二段538巷,347.891268653
390,嘉義市,西區,無名路,大統路,198.822555731
391,嘉義市,西區,無名路,大統路,263.100848279
392,嘉義市,西區,新民路70巷,新民路757巷,230.731807309
393,嘉義市,西區,新民路756巷,永安街,123.411584022
394,嘉義市,西區,大同國小出入口,補習班出入口,249.02418711
395,嘉義市,西區,新榮路,大同國小出入口,20.4419283051
396,嘉義市,西區,新民路757巷,建成街,140.569357627
397,嘉義市,西區,大統路,中興路,462.502375377
398,嘉義市,西區,永安街,建成街,162.449650393
399,嘉義市,西區,停車場出入口,停車場出入口,112.536404757
400,嘉義市,西區,工廠出入口,博愛路二段,418.578060304
401,嘉義市,西區,永安街,大同國小出入口,131.923862408
402,嘉義市,西區,世賢路二段538巷,玉山路,320.774345891
403,嘉義市,西區,博愛路二段,無名路,116.313276699
404,嘉義市,西區,大統路,住宅出入口,284.688931423
405,嘉義市,西區,無名路,中興路,115.524053666
406,嘉義市,西區,金山路 1巷,玉山路,519.952049839
407,嘉義市,西區,大同國小出入口,大同國小出入口,54.2312526035
408,嘉義市,西區,博愛路二段,無名路,117.698543965
409,嘉義市,西區,住宅出入口,住宅出入口,65.2746651379
410,嘉義市,西區,住宅出入口,住宅出入口,22.7097396028
411,嘉義市,西區,上海路,垂楊國小出入口,127.991150486
412,嘉義市,西區,世賢路二段,玉山路 304巷,112.245081023
413,嘉義市,西區,玉山路 304巷,玉山路 288巷,61.7961724467
414,嘉義市,西區,建成街,新民路848巷,116.459292992
415,嘉義市,西區,世賢路二段,金山路,412.229947884
416,嘉義市,西區,大統路,中興路,609.570512595
417,嘉義市,西區,友忠路,中興路 817巷,67.8945564534
418,嘉義市,西區,玉山路 251巷,大統路,133.4077947
419,嘉義市,西區,金山路,玉山路 240巷,65.8158767252
420,嘉義市,西區,玉山路 240巷,大統路,109.220416775
421,嘉義市,西區,住宅出入口,中興路,70.0453518795
422,嘉義市,西區,大統路,住宅出入口,197.109928928
423,嘉義市,西區,大同國小出入口,成功街,208.363519582
424,嘉義市,西區,大統路,玉山路 186巷,139.685853227
425,嘉義市,西區,新榮路,成功街5巷,261.040344993
426,嘉義市,西區,住宅出入口,玉康路,180.681799539
427,嘉義市,西區,興業西路,無名路,328.915319342
428,嘉義市,西區,玉山路,世賢路二段271巷,245.219652538
429,嘉義市,西區,玉山路 186巷,玉山路 158巷,139.863530749
430,嘉義市,西區,玉山路 158巷,玉康路,93.4879375113
431,嘉義市,西區,玉康路,中興路,162.182643627
432,嘉義市,西區,友忠路,玉山路,126.786055492
433,嘉義市,西區,中興路,友忠路 296巷,201.823322692
434,嘉義市,西區,友忠路,玉山路,75.7539332609
435,嘉義市,西區,垂楊路629巷,新建街,95.639045565
436,嘉義市,西區,新建街,垂楊國小出入口,94.0329163017
437,嘉義市,西區,垂楊國小出入口,垂楊路,240.050895117
438,嘉義市,西區,新民路848巷,垂楊路,226.523877532
439,嘉義市,西區,垂楊國小出入口,新民路,132.767282323
440,嘉義市,西區,中興路,玉山路,127.208421561
441,嘉義市,西區,中興路,友忠路,105.315054951
442,嘉義市,西區,玉山路 130巷,中興路,118.421378416
443,嘉義市,西區,新西街,垂楊路629巷,84.7652800155
444,嘉義市,西區,新民路,垂楊路557巷,217.693229897
445,嘉義市,西區,友忠路 296巷,玉山路,73.1807111374
446,嘉義市,西區,垂楊路557巷,建成街22巷,183.176380343
447,嘉義市,西區,中興路,無名路,83.8388397285
448,嘉義市,西區,垂楊路862巷,力行街,60.7640354238
449,嘉義市,西區,建成街22巷,仁愛路,118.772970506
450,嘉義市,西區,垂楊路663巷,新西街,40.3935494662
451,嘉義市,西區,無名路,玉山路 78巷,32.6904122347
452,嘉義市,西區,力行街,康樂街305巷,225.709796893
453,嘉義市,西區,康樂街305巷,新民路,27.1308599618
454,嘉義市,西區,仁愛路,西門街,211.226495043
455,嘉義市,西區,世賢路二段271巷,世賢路二段233巷,150.830559552
456,嘉義市,西區,垂楊路870巷,垂楊路862巷,75.369955237
457,嘉義市,西區,新民路,永和街,134.82349016
458,嘉義市,西區,西門街,垂楊路431巷,131.622449969
459,嘉義市,西區,廣寧街,仁愛路,179.193874034
460,嘉義市,西區,西榮街,民生南路,196.081854705
461,嘉義市,西區,仁愛路,停車場出入口,147.548724053
462,嘉義市,西區,民生南路,教會出入口,85.8139808441
463,嘉義市,西區,停車場出入口,西門街,58.3546090879
464,嘉義市,西區,加油站出入口,育人路 160巷,270.128623499
465,嘉義市,西區,世賢路二段233巷,大華路,77.2034298037
466,嘉義市,西區,民生南路,國華街,332.743305558
467,嘉義市,西區,西門街,新榮路,203.503122764
468,嘉義市,西區,新榮路,垂楊路572巷,100.249959889
469,嘉義市,西區,垂楊路663巷,平等街,171.450789636
470,嘉義市,西區,玉山路 42巷,信義路,211.825909477
471,嘉義市,西區,垂楊路572巷,西榮街,72.9429690208
472,嘉義市,西區,西榮街,嘉義市舊市府出入口,138.007981482
473,嘉義市,西區,嘉義市舊市府出入口,民生北路,42.5352577929
474,嘉義市,西區,垂楊路920巷,康樂街,202.82988368
475,嘉義市,西區,玉山路,友忠路 327巷,211.959795389
476,嘉義市,西區,垂楊路,康樂街,165.559567806
477,嘉義市,西區,國華街,興中街,542.576633615
478,嘉義市,西區,民生北路,忠義街,199.209906695
479,嘉義市,西區,垂楊路,康樂街,192.24383881
480,嘉義市,西區,忠義街,國華街,212.334974247
481,嘉義市,西區,康樂街,垂楊路920巷,58.8254774852
482,嘉義市,西區,國華街,文化路,212.533804303
483,嘉義市,西區,中興路 640巷,中興路 598巷,187.95021604
484,嘉義市,西區,友忠路 327巷,住宅出入口,178.358715818
485,嘉義市,西區,康樂街,新民路859巷,106.563800692
486,嘉義市,西區,玉山路,大同路,293.096835667
487,嘉義市,西區,新民路,民族路,82.8446224574
488,嘉義市,西區,大同路,博愛路二段448巷,28.1127952467
489,嘉義市,西區,中興路 598巷,大華路,163.92625589
490,嘉義市,西區,康樂街,民族路,215.00128966
491,嘉義市,西區,信義路,無名路,321.972441695
492,嘉義市,西區,新民路,永和街,83.9935652534
493,嘉義市,西區,永和街,廣寧街,187.29376039
494,嘉義市,西區,玉山路,大同路,585.166670938
495,嘉義市,西區,廣寧街,仁愛路,174.687138588
496,嘉義市,西區,博愛路二段448巷,永春五街,96.5652892042
497,嘉義市,西區,中山路,永和街,85.3282179143
498,嘉義市,西區,永和街,廣寧街,185.095028157
499,嘉義市,西區,仁愛路,西門街,191.831200692
500,嘉義市,西區,無名路,民族路,107.083829523
501,嘉義市,西區,民族路,中山路,107.389966139
502,嘉義市,西區,廣寧街,仁愛路,176.677807455
503,嘉義市,西區,西門街,新榮路,198.806017799
504,嘉義市,西區,住宅出入口,大同路,289.432818288
505,嘉義市,西區,新榮路,西榮街,166.647592947
506,嘉義市,西區,仁愛路,西門街,210.540475397
507,嘉義市,西區,育人路 160巷,大同路,431.269908642
508,嘉義市,西區,西榮街,民生北路,183.962403275
509,嘉義市,西區,西門街,新榮路,199.856891805
510,嘉義市,西區,新榮路,西榮街,171.32836156
511,嘉義市,西區,民生北路,忠義街,184.317353825
512,嘉義市,西區,大華路,大同路,470.221968095
513,嘉義市,西區,西榮街,民生北路,181.229837265
514,嘉義市,西區,忠義街,國華街,206.347822596
515,嘉義市,西區,民生北路,忠義街,184.726982753
516,嘉義市,西區,國華街,文化路,201.943270894
517,嘉義市,西區,民族路,永和街,185.753544334
518,嘉義市,西區,大同路,永春五街,120.251583599
519,嘉義市,西區,忠義街,國華街,201.831935551
520,嘉義市,西區,大同路,永春五街,217.395139175
521,嘉義市,西區,國華街,文化路,202.308936772
522,嘉義市,西區,永春五街,友愛路 7巷,179.523943823
523,嘉義市,西區,大同路 102巷,友忠路,157.04738699
524,嘉義市,西區,友愛路,博愛路二段408巷,135.159667724
525,嘉義市,西區,永和街,蘭井街,63.7170386743
526,嘉義市,西區,民族路,北港路,284.652498223
527,嘉義市,西區,世賢路二段,四維路,870.175720558
528,嘉義市,西區,博愛路二段408巷,北港路,118.436078839
529,嘉義市,西區,民族路,園區出入口,391.55097929
530,嘉義市,西區,住宅出入口,福嘉街,79.2904420142
531,嘉義市,西區,玉山路,大同路,950.566741065
532,嘉義市,西區,大同路,空地出入口,74.1217991375
533,嘉義市,西區,大華路,大同路,445.593869589
534,嘉義市,西區,永春五街,永春五街,260.66035496
535,嘉義市,西區,無名路,大同路 102巷,302.051885002
536,嘉義市,西區,博愛路二段,友忠路,235.945219188
537,嘉義市,西區,北港路,博愛路二段311巷,105.52931064
538,嘉義市,西區,永春五街,北港路,336.945827178
539,嘉義市,西區,大同路,大同路 376巷,489.519133145
540,嘉義市,西區,大同路,永春五街,141.528669575
541,嘉義市,西區,北港路,無名路,262.656401778
542,嘉義市,西區,中興路,無名路,456.680096273
543,嘉義市,西區,大同路,永春五街,145.698574314
544,嘉義市,西區,福嘉街,友忠路,163.60744008
545,嘉義市,西區,無名路,友愛路,100.801396136
546,嘉義市,西區,永春一街,中興路,98.6546801379
547,嘉義市,西區,友愛路,友愛路 98巷,77.2553769543
548,嘉義市,西區,永春四街,永春一街,98.2674374306
549,嘉義市,西區,中興路,福義街,460.64282815
550,嘉義市,西區,友忠路,友愛路 98巷,42.5133594168
551,嘉義市,西區,中山路532巷,無名路,259.868578141
552,嘉義市,西區,光彩街,中正路,244.331935975
553,嘉義市,西區,北埔路 256巷,無名路,121.574717402
554,嘉義市,西區,博愛路二段311巷,住宅出入口,343.965677422
555,嘉義市,西區,無名路,空地出入口,158.029835406
556,嘉義市,西區,北港路 268巷,北埔路 256巷,56.3903386308
557,嘉義市,西區,北港路,無名路,286.523952243
558,嘉義市,西區,永春二街,永春四街,189.026801478
559,嘉義市,西區,球場出入口,空地出入口,266.007011257
560,嘉義市,西區,僑嘉一街,中興路,218.935252879
561,嘉義市,西區,空地出入口,友忠路 546巷,55.5219554539
562,嘉義市,西區,友愛路 98巷,友忠路 509巷,150.750006591
563,嘉義市,西區,停車場出入口,店面出入口,150.454628476
564,嘉義市,西區,住宅出入口,後驛街,119.435251733
565,嘉義市,西區,空地出入口,空地出入口,65.2489912689
566,嘉義市,西區,僑嘉三街,僑嘉一街,195.484088162
567,嘉義市,西區,友愛路 98巷,友忠路 509巷,149.919075221
568,嘉義市,西區,永春五街,福全街,208.982268059
569,嘉義市,西區,西門街197巷,中山路,114.852833522
570,嘉義市,西區,福義街,福嘉街,386.788824431
571,嘉義市,西區,友忠路 509巷,友忠路 521巷,83.7640022521
572,嘉義市,西區,林森西路,西門街,141.352267184
573,嘉義市,西區,四維路,僑嘉三街,263.957632507
574,嘉義市,西區,永春五街,中興路 408巷,148.833824952
575,嘉義市,西區,西門街,新榮路,202.69063655
576,嘉義市,西區,福義街,北港路 268巷,305.200690073
577,嘉義市,西區,無名路,友忠路 546巷,208.359012252
578,嘉義市,西區,新榮路,客運站出入口,113.821912943
579,嘉義市,西區,客運站出入口,停車場出入口,21.2962700714
580,嘉義市,西區,友忠路 509巷,住宅出入口,62.6279825086
581,嘉義市,西區,空地出入口,德明路,28.4070000341
582,嘉義市,西區,友忠路 521巷,友孝路,102.002431039
583,嘉義市,西區,新榮路,西榮街,169.385335286
584,嘉義市,西區,民生北路,忠義街,192.002499984
585,嘉義市,西區,大同路 376巷,世賢路二段196巷,389.030106454
586,嘉義市,西區,四維路,僑嘉三街,236.068614546
587,嘉義市,西區,西榮街,民生北路,187.234289044
588,嘉義市,西區,忠義街,國華街,203.730725954
589,嘉義市,西區,民生北路,中山路366巷,99.2568088657
590,嘉義市,西區,國華街,中山路,119.538421393
591,嘉義市,西區,中山路366巷,忠義街,87.5270816101
592,嘉義市,西區,中山路,文化路,96.1283581149
593,嘉義市,西區,忠義街,國華街,202.420846945
594,嘉義市,西區,後驛街,無名路,233.366139058
595,嘉義市,西區,福全街,北港路,217.678594045
596,嘉義市,西區,住宅出入口,友平街,36.0962183696
597,嘉義市,西區,中興路,福義街,353.401654053
598,嘉義市,西區,國華街,文化路,216.523094826
599,嘉義市,西區,友愛路 123弄,友愛路 149巷,94.6577003455
600,嘉義市,西區,友孝路,友和路,179.914164378
601,嘉義市,西區,學校出入口,四維路,323.385421018
602,嘉義市,西區,中興路 408巷,北港路,236.317687327
603,嘉義市,西區,中山路,北榮街,255.490336307
604,嘉義市,西區,中山路,林森西路502巷,326.589750707
605,嘉義市,西區,中興路,德明路,253.051541086
606,嘉義市,西區,無名路,無名路,113.210290013
607,嘉義市,西區,世賢路二段196巷,學校出入口,169.78458407
608,嘉義市,西區,博愛路二段,後驛街,138.173776654
609,嘉義市,西區,無名路,中興路,182.047987841
610,嘉義市,西區,友愛路 149巷,友和路,40.9091990506
611,嘉義市,西區,友平街,友和路,85.0763058641
612,嘉義市,西區,博愛路二段,後驛街,136.885637914
613,嘉義市,西區,友忠路 546巷,中興路,547.048793227
614,嘉義市,西區,學校出入口,學校出入口,80.1111162373
615,嘉義市,西區,僑嘉一街,中興路,239.002422704
616,嘉義市,西區,林森西路502巷,林森西路472巷,175.789621071
617,嘉義市,西區,僑嘉一街,中興路,235.515323438
618,嘉義市,西區,興達路,四維路,488.070664142
619,嘉義市,西區,中興路 65巷,博愛路二段,128.596700556
620,嘉義市,西區,友和路,友信街,211.29737012
621,嘉義市,西區,林森西路472巷,林森西路452巷,76.747976297
622,嘉義市,西區,世賢路二段196巷,高鐵大道,387.071944383
623,嘉義市,西區,無名路,僑嘉一街,100.572849593
624,嘉義市,西區,友忠路 546巷,中興路,545.566965323
625,嘉義市,西區,僑嘉三街,僑嘉一街,199.509180105
626,嘉義市,西區,北港路,德明路 37巷,286.779393635
627,嘉義市,西區,友忠路,中興路 65巷,87.8682996375
628,嘉義市,西區,學校出入口,永春五街,169.918006494
629,嘉義市,西區,世賢路二段,學校出入口,550.080098587
630,嘉義市,西區,友忠路,博愛路二段,232.181664624
631,嘉義市,西區,姜文街,興達路,225.165306883
632,嘉義市,西區,林森西路452巷,林森西路426巷,110.491400566
633,嘉義市,西區,友信街,中興路,128.42329564
634,嘉義市,西區,西榮街269巷,民權路,170.0093522
635,嘉義市,西區,友和路,友信街,182.658912285
636,嘉義市,西區,友和路,中興路 271巷1弄,194.123835913
637,嘉義市,西區,高鐵大道,高鐵大道,71.8818430223
638,嘉義市,西區,北港路,國城一街,361.33681906
639,嘉義市,西區,世賢路二段,姜文街,97.6695523888
640,嘉義市,西區,四維路,僑嘉三街,185.032945164
641,嘉義市,西區,德明路 37巷,八德路,152.60353386
642,嘉義市,西區,八德路,德明路,108.900919217
643,嘉義市,西區,中興路 271巷1弄,中興路,71.9661042255
644,嘉義市,西區,四維路,無名路,300.938788407
645,嘉義市,西區,友信街,中興路,76.2277935154
646,嘉義市,西區,中興路,友忠路 668巷,158.311272521
647,嘉義市,西區,民權路,自由路,93.1337152824
648,嘉義市,西區,中興路 108巷,友忠路,194.677912939
649,嘉義市,西區,德明路,中興路 271巷,225.42873
650,嘉義市,西區,中興路 271巷,友愛路,127.379005661
651,嘉義市,西區,林森西路426巷,自由路,165.386217175
652,嘉義市,西區,中興路,住宅出入口,122.562238762
653,嘉義市,西區,友愛路,友諒街,108.283517298
654,嘉義市,西區,八德路,德明路,96.6608688276
655,嘉義市,西區,中興路 108巷,友忠路,176.793396893
656,嘉義市,西區,友諒街,友孝路,211.409198926
657,嘉義市,西區,世賢路二段138巷55弄,世賢路二段,464.938708918
658,嘉義市,西區,友忠路 668巷,博愛路二段116巷,72.2191110643
659,嘉義市,西區,友孝路,建國路,130.110713326
660,嘉義市,西區,住宅出入口,四維路,137.630929588
661,嘉義市,西區,中興路,竹文街,497.861079991
662,嘉義市,西區,德明路,友愛路,362.583103007
663,嘉義市,西區,友愛路,友孝路,330.969217909
664,嘉義市,西區,建國路,中興路 108巷,105.073033884
665,嘉義市,西區,中興路,竹文街,508.68164655
666,嘉義市,西區,國城一街,八德路 29巷,201.730933995
667,嘉義市,西區,中興路,興雅路,73.3634449373
668,嘉義市,西區,自由路,民生北路,133.705397994
669,嘉義市,西區,住宅出入口,友竹街,177.512630234
670,嘉義市,西區,中興路,興雅路,74.8055630942
671,嘉義市,西區,無名路,住宅出入口,192.452585189
672,嘉義市,西區,中興路,興雅路,94.5783472848
673,嘉義市,西區,無名路,四維路,340.410382562
674,嘉義市,西區,興達路,無名路,87.9471375474
675,嘉義市,西區,自由路,林森西路296巷,222.417340284
676,嘉義市,西區,建國路,雙竹街,168.78765528
677,嘉義市,西區,民生北路,忠義街,207.073630892
678,嘉義市,西區,八德路 29巷,國城二街,122.228269551
679,嘉義市,西區,興達路,無名路,89.3478440893
680,嘉義市,西區,林森西路296巷,林森西路268巷,113.770525091
681,嘉義市,西區,竹文街,博愛路二段23巷,253.242183072
682,嘉義市,西區,博愛路二段116巷,博愛路二段80巷,317.945183557
683,嘉義市,西區,林森西路268巷,無名巷,92.3795982998
684,嘉義市,西區,博愛路二段80巷,吉安街,248.670991696
685,嘉義市,西區,忠義街,國華街,166.975867638
686,嘉義市,西區,北港路 503巷,興達路,161.272404976
687,嘉義市,西區,國城二街,德安路,64.7428697446
688,嘉義市,西區,中興路,德安路,349.213251943
689,嘉義市,西區,無名巷,無名巷,91.0544903268
690,嘉義市,西區,友竹街,住宅出入口,223.368520551
691,嘉義市,西區,北港路 715巷,世賢路二段138巷55弄,976.402608876
692,嘉義市,西區,住宅出入口,友忠路 722巷,22.9910473348
693,嘉義市,西區,後驛街,北興街,105.2968783
694,嘉義市,西區,吉安街,北興街,85.2474137648
695,嘉義市,西區,興雅路,德安路,200.947305661
696,嘉義市,西區,巷子出入口,興達路,194.875972113
697,嘉義市,西區,北港路 715巷,世賢路二段,1354.17389844
698,嘉義市,西區,國華街,文化路,160.400162136
699,嘉義市,西區,無名巷,國華街,134.387024579
700,嘉義市,西區,大溪路,北港路 715巷,209.369008648
701,嘉義市,西區,加油站出入口,北港路 715巷,27.0783717932
702,嘉義市,西區,德安路,德安路,23.2375287415
703,嘉義市,西區,永春五街,北港路,605.931760093
704,嘉義市,西區,世賢路二段,北港路 503巷,180.929798708
705,嘉義市,西區,加油站出入口,加油站出入口,47.1423250316
706,嘉義市,西區,大溪路,大溪路,35.1381205319
707,嘉義市,西區,大溪路,大溪路,24.9255965493
708,嘉義市,西區,國華街,文化路,150.503538736
709,嘉義市,西區,世賢路二段,世賢路二段,44.2800422122
710,嘉義市,西區,北興街,自由路,129.706749925
711,嘉義市,西區,德惠街,八德路,301.028459232
712,嘉義市,西區,友忠路 722巷,工廠出入口,107.615393693
713,嘉義市,西區,興雅路,遠東街,265.677919224
714,嘉義市,西區,世賢路一段,巷子出入口,144.376264901
715,嘉義市,西區,博愛路一段,自由路,28.1154573877
716,嘉義市,西區,世賢路二段,世賢路二段,41.254149644
717,嘉義市,西區,高鐵大道,高鐵大道,53.0189886804
718,嘉義市,西區,世賢路二段120巷,北港路,502.240195837
719,嘉義市,西區,大溪路,加油站出入口,101.483254118
720,嘉義市,西區,興雅路,遠東街,271.793694028
721,嘉義市,西區,博愛路二段80巷,北興街,269.910506776
722,嘉義市,西區,大溪路二段210巷,大溪路,151.222849385
723,嘉義市,西區,博愛路一段,自由路,29.8112438479
724,嘉義市,西區,德安路,國賢一街,87.3934440542
725,嘉義市,西區,自由路,博愛路一段,33.1725095073
726,嘉義市,西區,遠東街,興通路,42.3717239898
727,嘉義市,西區,北興街,自由路,139.423157714
728,嘉義市,西區,工廠出入口,北興街,123.551763503
729,嘉義市,西區,世賢路一段,世賢路一段,47.1194140686
730,嘉義市,西區,雙竹街,遠東街,270.898720618
731,嘉義市,西區,自由路,博愛路一段,27.5452943078
732,嘉義市,西區,四維路,國賢二街,83.6230062199
733,嘉義市,西區,國賢一街,興達路,66.1217290138
734,嘉義市,西區,德安路,興達路,201.343971482
735,嘉義市,西區,國賢二街,國賢三街,289.213309524
736,嘉義市,西區,國賢三街,八德路,99.8384150601
737,嘉義市,西區,自由路,博愛路一段385巷,146.636373321
738,嘉義市,西區,北港路,加油站出入口,93.8888694339
739,嘉義市,西區,四維路,興達路 592巷,156.721057103
740,嘉義市,西區,八德路,北鎮街,160.06122278
741,嘉義市,西區,興達路 592巷,國聖四街,98.8638448322
742,嘉義市,西區,自由路,博愛路 496巷,118.905599642
743,嘉義市,西區,國聖四街,國聖六街,89.2266248908
744,嘉義市,西區,友忠路,博愛路一段,181.594926883
745,嘉義市,西區,北興街,自由路,171.650640872
746,嘉義市,西區,博愛路 496巷,博愛路一段492巷,29.0775197591
747,嘉義市,西區,北鎮街,友愛路,309.968799756
748,嘉義市,西區,德安路,興達路,246.120710069
749,嘉義市,西區,北興街,自由路,130.269421944
750,嘉義市,西區,國聖六街,八德路,101.561921721
751,嘉義市,西區,八德路,北鎮街,152.255827732
752,嘉義市,西區,興通路,興達路,106.878668959
753,嘉義市,西區,友忠路,博愛路一段,163.536038669
754,嘉義市,西區,友愛路,友孝路,293.822427666
755,嘉義市,西區,北鎮街,無名路,211.377157203
756,嘉義市,西區,遠東街,興達路,99.2274182068
757,嘉義市,西區,博愛路一段385巷,長安街,117.492747067
758,嘉義市,西區,友孝路,建國路,129.776754197
759,嘉義市,西區,無名路,友愛路,93.4232739281
760,嘉義市,西區,博愛路一段482巷,博愛路 496巷,70.5431463718
761,嘉義市,西區,興達路,國聖一街,66.0678959871
762,嘉義市,西區,友愛路,友孝路,305.194472804
763,嘉義市,西區,友孝路,建國路,87.2939575041
764,嘉義市,西區,自由路,友忠路 827巷,63.6627154702
765,嘉義市,西區,博愛路一段482巷,博愛路一段448巷,154.839394502
766,嘉義市,西區,建國路,北興街,241.064017091
767,嘉義市,西區,自由路 66巷,友忠路,133.597613514
768,嘉義市,西區,自由路,博愛路一段492巷,253.13502146
769,嘉義市,西區,建國路,北興街,223.621101412
770,嘉義市,西區,長安街,無名路,239.41705526
771,嘉義市,西區,住宅出入口,自由路 66巷,74.6430026564
772,嘉義市,西區,國聖一街,竹圍路,185.778482442
773,嘉義市,西區,友忠路 827巷,友忠路 827巷2弄,134.709796798
774,嘉義市,西區,博愛路一段448巷,無名路,134.263923368
775,嘉義市,西區,遠東街,友忠路,226.765971466
776,嘉義市,西區,博愛路一段492巷,博愛路一段482巷,88.7797448413
777,嘉義市,西區,北港路,竹圍路,673.527338934
778,嘉義市,西區,世賢路一段,竹圍路,49.0137300478
779,嘉義市,西區,興達路,竹圍路,306.450587825
780,嘉義市,西區,遠東街,友忠路,489.587344868
781,嘉義市,西區,世賢路一段,竹圍路,48.7860442096
782,嘉義市,西區,世賢路一段,竹圍路,48.7996219534
783,嘉義市,西區,無名路,五顯街,154.348958555
784,嘉義市,西區,遠東街,友忠路,473.051784144
785,嘉義市,西區,無名路,無名路,107.871580597
786,嘉義市,西區,遠東街,住宅出入口,208.906265013
787,嘉義市,西區,世賢路一段,竹圍路,48.5674271096
788,嘉義市,西區,博愛路一段482巷,博愛路一段448巷,137.05693607
789,嘉義市,西區,竹圍路,八德路 171巷,80.7159398783
790,嘉義市,西區,竹圍路,竹圍路 90巷,117.463700001
791,嘉義市,西區,北興街,自由路,248.998226216
792,嘉義市,西區,興達路,遠東街,209.01417122
793,嘉義市,西區,友忠路 827巷2弄,友忠路 865巷,201.521325694
794,嘉義市,西區,八德路 171巷,八德路 181巷,38.4158615817
795,嘉義市,西區,北興街,自由路,270.993372528
796,嘉義市,西區,博愛路一段448巷,友忠路 788巷,75.8318724193
797,嘉義市,西區,興達路,遠東街,279.864307483
798,嘉義市,西區,無名路,博愛路一段320巷,98.6779908198
799,嘉義市,西區,國揚三街,國揚一街,111.065756668
800,嘉義市,西區,友忠路 865巷,重興街,81.8946201925
801,嘉義市,西區,興達路,遠東街,291.730745706
802,嘉義市,西區,友忠路 788巷,無名路,99.480202959
803,嘉義市,西區,興達路,遠東街,240.584102588
804,嘉義市,西區,大溪路 342巷,大溪路,2608.56476475
805,嘉義市,西區,長春三街,興達路,215.372818059
806,嘉義市,西區,加油站出入口,大溪路二段210巷,2518.62609774
807,嘉義市,西區,長春三街,興達路,279.72516773
808,嘉義市,西區,重興街,友忠路 911巷,158.432778211
809,嘉義市,西區,博愛路一段320巷,博愛路一段320巷,238.081661711
810,嘉義市,西區,無名路,加油站出入口,102.332204641
811,嘉義市,西區,無名路,空地出入口,125.378070396
812,嘉義市,西區,八德路 181巷,竹圍三路,245.294810338
813,嘉義市,西區,泰源二街,賢達路,837.263292471
814,嘉義市,西區,竹圍路 90巷,北安路,267.838754036
815,嘉義市,西區,長春三街,興達路,283.252579219
816,嘉義市,西區,竹圍路,四維路,555.300457753
817,嘉義市,西區,長春三街,興達路,220.716927026
818,嘉義市,西區,自由路,保安二路,186.91279411
819,嘉義市,西區,向榮街,博愛路一段197巷,260.241923375
820,嘉義市,西區,自由路,遠東街,623.430608766
821,嘉義市,西區,世賢路一段,國揚五街,105.921493236
822,嘉義市,西區,空地出入口,博愛路一段320巷,70.8884701488
823,嘉義市,西區,世賢路一段,四維路,48.61467053
824,嘉義市,西區,保安二路,撫順一街,212.743306142
825,嘉義市,西區,遠東街,友忠路,296.938318727
826,嘉義市,西區,友忠路 911巷,興達路,124.176485213
827,嘉義市,西區,博愛路一段197巷,文化路,50.1652922735
828,嘉義市,西區,博愛路一段320巷,興達路,20.9525795208
829,嘉義市,西區,八德路 245巷,竹圍三路,57.6183446191
830,嘉義市,西區,撫順一街,龍江街,146.586421856
831,嘉義市,西區,龍江街,空地出入口,37.7196388635
832,嘉義市,西區,空地出入口,龍江街 74巷,60.4717443381
833,嘉義市,西區,埤竹路,大溪路 342巷,813.746029058
834,嘉義市,西區,友愛路,長春三街,365.329435122
835,嘉義市,西區,龍江街 74巷,友忠路,160.028672318
836,嘉義市,西區,興達路,保安二路 19巷,85.3554816682
837,嘉義市,西區,埤竹路,埤竹路,45.3109237617
838,嘉義市,西區,友忠路,文化路,503.044110089
839,嘉義市,西區,博愛路一段320巷,興達路,211.958546059
840,嘉義市,西區,興達路,保安二路 12巷,79.1963134766
841,嘉義市,西區,高鐵大道,高鐵大道,74.3200201664
842,嘉義市,西區,國安一街,八德路 245巷,34.98453106
843,嘉義市,西區,友愛路,長春三街,206.396645023
844,嘉義市,西區,友愛路,長春三街,422.566343511
845,嘉義市,西區,世賢路一段,四維路,48.9468608386
846,嘉義市,西區,無名路,埤竹路,241.590327754
847,嘉義市,西區,興達路,新龍街 2巷,69.390408812
848,嘉義市,西區,興達路,友忠路 866巷,95.085495324
849,嘉義市,西區,友忠路,文化路,571.234999289
850,嘉義市,西區,高鐵大道,埤竹路,53.3322589281
851,嘉義市,西區,友愛路,長春三街,423.903024416
852,嘉義市,西區,友忠路 866巷,學校出入口,17.7704912843
853,嘉義市,西區,新龍街 2巷,新龍街,46.0496213164
854,嘉義市,西區,友愛路,長春三街,148.413774346
855,嘉義市,西區,北安路,保安一路,224.441305115
856,嘉義市,西區,高鐵大道,埤竹路,84.7292620672
857,嘉義市,西區,無名路,無名路,141.500772935
858,嘉義市,西區,保安二路 19巷,長春一街,163.010823211
859,嘉義市,西區,保安二路 12巷,撫順二街,161.408639459
860,嘉義市,西區,八德路245巷,國安三街,156.10291869
861,嘉義市,西區,友愛路,通化四街,211.631071389
862,嘉義市,西區,埤竹路,無名路,825.460886064
863,嘉義市,西區,興達路,無名路,106.003697687
864,嘉義市,西區,友愛路,通化四街,242.287187696
865,嘉義市,西區,國揚五街,世賢路一段,513.779168507
866,嘉義市,西區,四維路,竹圍四路,440.485838369
867,嘉義市,西區,高鐵大道,大溪路 210巷,496.435824531
868,嘉義市,西區,無名路,無名路,34.6184164671
869,嘉義市,西區,友愛路,通化四街,230.496622624
870,嘉義市,西區,四維路,世賢路一段,447.187597572
871,嘉義市,西區,竹圍四路,世賢路一段,48.1154817012
872,嘉義市,西區,友愛路,通化四街,134.755993342
873,嘉義市,西區,無名路,學校出入口,27.4244605405
874,嘉義市,西區,竹圍四路,世賢路一段,48.2179651884
875,嘉義市,西區,國安三街,國安二街,120.351073313
876,嘉義市,西區,世賢路一段,世賢路一段,46.9608810408
877,嘉義市,西區,學校出入口,學校出入口,229.486986063
878,嘉義市,西區,撫順二街,保安二路 80巷,153.278943041
879,嘉義市,西區,學校出入口,賣場出入口,59.0939326493
880,嘉義市,西區,世賢路一段,世賢路一段,48.3114664491
881,嘉義市,西區,通化四街,工廠出入口,160.180736145
882,嘉義市,西區,保安一路,八德路,260.073806886
883,嘉義市,西區,長春一街,友愛路,231.852453241
884,嘉義市,西區,保安二路 80巷,友愛路,74.7470722634
885,嘉義市,西區,保安一路351巷,保安一路351巷,265.07525418
886,嘉義市,西區,世賢路一段,北社尾路,159.849132656
887,嘉義市,西區,賣場出入口,巷子出入口,54.4506242256
888,嘉義市,西區,無名路,北社尾路,48.4909540251
889,嘉義市,西區,賢達路,旅館出入口,766.803938454
890,嘉義市,西區,北社尾路,世賢路一段,49.1703127325
891,嘉義市,西區,巷子出入口,住宅出入口,49.6414938074
892,嘉義市,西區,大溪路 210巷,工廠出入口,249.223647743
893,嘉義市,西區,新龍街,友愛路,365.385627221
894,嘉義市,西區,國安二街,世賢路一段,137.126881512
895,嘉義市,西區,學校出入口,友愛路,150.627904526
896,嘉義市,西區,工廠出入口,無名路,123.801147134
897,嘉義市,西區,世賢路一段,北社尾路,48.7613701448
898,嘉義市,西區,大溪路 210巷,無名路,216.340855979
899,嘉義市,西區,保安一路351巷,保安一路,113.052426369
900,嘉義市,西區,友忠路,學校出入口,190.14896211
901,嘉義市,西區,旅館出入口,北社尾路,102.809900137
902,嘉義市,西區,學校出入口,文化路,167.717151413
903,嘉義市,西區,住宅出入口,友愛路,42.5247269575
904,嘉義市,西區,北社尾路,北社尾路,48.5153675875
905,嘉義市,西區,無名路,保安一路,539.825479694
906,嘉義市,西區,北社尾路,世賢路一段,103.610856213
907,嘉義市,西區,八德路,世賢路一段,52.5334556706
908,嘉義市,西區,工廠出入口,北港路,76.9860952645
909,嘉義市,西區,無名路,北港路,53.665813271
910,嘉義市,西區,八德路,世賢路一段,151.750596162
911,嘉義市,西區,無名路,加油站入口,102.515959055
912,嘉義市,西區,無名路,保安一路,609.269605271
913,嘉義市,西區,加油站入口,保安一路,55.7101576956
914,嘉義市,西區,世賢路一段,世賢路一段,48.6896735029
915,嘉義市,西區,保安一路,保安一路348巷,266.847512676
916,嘉義市,西區,興達路,無名路,724.833287081
917,嘉義市,西區,友愛路,松江一街,95.1566948441
918,嘉義市,西區,北港路,工廠出入口,576.974474376
919,嘉義市,西區,世賢路一段,世賢路一段,45.0846538873
920,嘉義市,西區,北港路,工廠出入口,621.038620554
921,嘉義市,西區,保安一路348巷,世賢路一段,78.1939765712
922,嘉義市,西區,松江一街,松江三街,62.2832320949
923,嘉義市,西區,自由路,世賢路一段,27.4929090758
924,嘉義市,西區,保安一路,安東二街,211.149860084
925,嘉義市,西區,工廠出入口,無名路,70.5078223752
926,嘉義市,西區,保安一路,世賢路一段,374.542055652
927,嘉義市,西區,工廠出入口,無名路,39.1762396432
928,嘉義市,西區,北社尾路,世賢路一段638巷,347.209395611
929,嘉義市,西區,保安一路,世賢路一段,371.676449401
930,嘉義市,西區,世賢路一段,自由路,309.754699619
931,嘉義市,西區,無名路,工廠出入口,49.3700449848
932,嘉義市,西區,自由路,世賢路一段,22.5828608544
933,嘉義市,西區,松江三街,無名路,74.8976710442
934,嘉義市,西區,安東二街,世賢路一段,161.174111595
935,嘉義市,西區,世賢路一段,世賢路一段612巷,49.2973415452
936,嘉義市,西區,無名路,文化路 566巷,195.580465641
937,嘉義市,西區,世賢路一段638巷,世賢路一段612巷,129.516111137
938,嘉義市,西區,世賢路一段612巷,世賢路一段592巷,49.4535355104
939,嘉義市,西區,無名路,無名路,216.813760546
940,嘉義市,西區,自由路,世賢路一段,246.836261727
941,嘉義市,西區,世賢路一段612巷,世賢路一段592巷,120.358540942
942,嘉義市,西區,保安一路,保安二路 177巷,84.535587505
943,嘉義市,西區,保安一路,保安二路 178巷,84.6988082046
944,嘉義市,西區,世賢路一段,世賢路一段,264.203420607
945,嘉義市,西區,世賢路一段592巷,世賢路一段580巷,46.6202674255
946,嘉義市,西區,世賢路一段,世賢路一段,205.560111171
947,嘉義市,西區,世賢路一段592巷,世賢路一段580巷,81.6977930029
948,嘉義市,西區,保安二路 177巷,世賢路一段,70.6588916982
949,嘉義市,西區,保安二路 178巷,世賢路一段,76.0420470294
950,嘉義市,西區,世賢路一段,世賢路一段,301.445701079
951,嘉義市,西區,世賢路一段580巷,海口寮路,57.9076722882
952,嘉義市,西區,工廠出入口,住家出入口,292.139446089
953,嘉義市,西區,世賢路一段580巷,海口寮路,48.2985051539
954,嘉義市,西區,海口寮路,世賢路一段,47.8795885646
955,嘉義市,西區,世賢路一段,世賢路一段,648.974008553
956,嘉義市,西區,文化路 566巷,文化路 641巷,276.129138783
957,嘉義市,西區,世賢路一段580巷,海口寮路,259.511798303
958,嘉義市,西區,世賢路一段,世賢路一段,48.1529841214
959,嘉義市,西區,保安二路,無名路,398.990456349
960,嘉義市,西區,世賢路一段,世賢路一段,48.500691736
961,嘉義市,西區,文化路 566巷,世賢路一段,304.569734694
962,嘉義市,西區,文化路 641巷,世賢路一段,39.8171570108
963,嘉義市,西區,無名路,無名路,199.045694522
964,嘉義市,西區,住家出入口,無名路,90.8534925258
965,嘉義市,西區,無名路,松江一街,488.325887648
966,嘉義市,西區,世賢路一段,世賢路一段,48.4908679869
967,嘉義市,西區,世賢路一段,世賢路一段,47.8668258263
968,嘉義市,西區,海口寮路,世賢路一段324巷,1034.71498969
969,嘉義市,西區,松江一街,文化路,303.019533471
970,嘉義市,西區,世賢路一段,世賢路一段,66.8244689549
971,嘉義市,西區,世賢路一段,世賢路一段,48.2795749944
972,嘉義市,西區,世賢路一段,世賢路一段,48.574517856
973,嘉義市,西區,世賢路一段324巷,無名路,628.379355659
974,嘉義市,西區,世賢路一段,世賢路一段,49.1207852869
975,嘉義市,西區,世賢路一段,世賢路一段,49.7432637421
976,嘉義市,西區,無名路,松江一街,277.603529781
977,嘉義市,西區,加油站出入口,文化路,147.633227402
978,嘉義市,西區,文化路,文化路 566巷,324.772433413
979,嘉義市,西區,文化路 566巷,無名路,239.992005472
980,嘉義市,西區,無名路,無名路,689.684280758
981,嘉義市,西區,世賢路一段,文化路694巷,384.356694571
982,嘉義市,西區,世賢路一段,文化路769巷,586.872683029
983,嘉義市,西區,文化路694巷,文化路722巷,195.277744097
984,嘉義市,西區,文化路722巷,無名路,27.1611651035
985,嘉義市,西區,文化路743巷,文化路769巷,145.0491443
986,嘉義市,西區,無名路,無名路,148.343737651
987,嘉義市,東區,文化路,興中街,323.344955812
988,嘉義市,東區,小雅路,小雅路,348.025406221
989,嘉義市,東區,興中街,成仁街,204.086002027
990,嘉義市,東區,宣信街,和平路,239.856426738
991,嘉義市,東區,成仁街,吳鳳北路,196.803965823
992,嘉義市,東區,和平路,市宅街40巷,230.884611809
993,嘉義市,東區,市宅街40巷,融和街,145.662766166
994,嘉義市,東區,小雅路,小雅路,280.148917266
